{
    "luffy": 1699.8058514970896,
    "zoro": 1636.861486813061,
    "sanji": 1620.6333683369073,
    "chopper": 1584.6660070449905,
    "nami": 1570.381113834543,
    "franky": 1568.2348022679878,
    "blackbeard": 1550.6943715115083,
    "jinbe": 1550.2625702844568,
    "robin": 1545.3371189137822,
    "mihawk": 1538.285852778131,
    "enel": 1537.1670831590416,
    "usopp": 1531.0518834361408,
    "whitebeard": 1529.5834312747097,
    "kizaru": 1529.2149072304799,
    "magellan": 1522.998263919659,
    "killer": 1522.1354612166426,
    "judge": 1520.6975480736915,
    "aokiji": 1520.4571920180667,
    "senor pink": 1519.3614492212907,
    "shanks": 1516.7378650066732,
    "onigumo": 1516.0125225388658,
    "hancock": 1516.0,
    "pekoms": 1516.0,
    "sabo": 1516.0,
    "sai": 1516.0,
    "bartolomeo": 1516.0,
    "cavendish": 1516.0,
    "kyros": 1516.0,
    "inuarashi": 1516.0,
    "nekomamushi": 1516.0,
    "raizo": 1516.0,
    "kikunojo": 1516.0,
    "denjiro": 1516.0,
    "yamato": 1515.263693206478,
    "stussy": 1515.213820167356,
    "big mom": 1515.1996017700872,
    "garp": 1506.2114301435383,
    "doflamingo": 1505.4684941137157,
    "daifuku": 1503.2758967688853,
    "jabra": 1503.1131206431257,
    "sengoku": 1501.780923969926,
    "wyper": 1500.9173651890753,
    "gin": 1500.736306793522,
    "shura": 1500.736306793522,
    "ace": 1500.0,
    "ivankov": 1500.0,
    "kuma": 1500.0,
    "pedro": 1500.0,
    "tamago": 1500.0,
    "kuzan": 1499.5048192564873,
    "gan fall": 1499.363724473774,
    "kid": 1499.296043123496,
    "brook": 1499.263693206478,
    "carrot": 1499.263693206478,
    "drake": 1499.263693206478,
    "kaku": 1495.223624294801,
    "kaidou": 1492.761525276002,
    "katakuri": 1491.7639432656963,
    "cracker": 1491.0014556168585,
    "gecko moria": 1490.6458358355542,
    "pica": 1490.0427887724318,
    "blueno": 1489.8715954394374,
    "vander decken ix": 1489.6923811444728,
    "hyouzou": 1489.6287563268686,
    "king": 1489.4854250035933,
    "foxy": 1489.4464280435966,
    "surume": 1489.255543015071,
    "s-shark": 1488.8827496257566,
    "koby": 1488.777789905284,
    "ryuma": 1488.7180598386703,
    "yonji": 1488.1960012600812,
    "kumadori": 1488.0436416053567,
    "crocodile": 1487.89739119338,
    "oven": 1487.8734087793794,
    "queen": 1487.7328324149778,
    "braham": 1487.6853901385534,
    "dosun": 1487.2660610777991,
    "ohm": 1487.119097825516,
    "absalom": 1487.094396251158,
    "ikaros much": 1486.7748844007428,
    "arlong": 1486.7238645358739,
    "hogback": 1486.673580567152,
    "mr. 1": 1486.5175552812955,
    "sasaki": 1486.499982044743,
    "tararan": 1486.152385829282,
    "buchi": 1486.0982942088476,
    "don krieg": 1486.0982942088476,
    "satori": 1486.0679457412398,
    "kalifa": 1486.003251969204,
    "hatchan": 1485.879660946095,
    "wanze": 1485.8518880497877,
    "marco": 1485.6748787312247,
    "who's-who": 1485.64787313675,
    "fukurou": 1485.49308752385,
    "akainu": 1485.4792958087392,
    "kuro": 1485.4358728782763,
    "sham": 1485.4358728782763,
    "black maria": 1485.4123810052665,
    "mr. 2": 1485.4037778232891,
    "gedatsu": 1485.374732743402,
    "nero": 1484.7966446868822,
    "john giant": 1484.7820985594142,
    "cabaji": 1484.736306793522,
    "hotori": 1484.736306793522,
    "apoo": 1484.736306793522,
    "daruma": 1484.7261040949943,
    "kuroobi": 1484.7024671725246,
    "hawkins": 1484.2961529500892,
    "sentomaru": 1484.2594044435564,
    "jozu": 1484.215156636942,
    "alvida": 1484.0,
    "morgan": 1484.0,
    "pearl": 1484.0,
    "chew": 1484.0,
    "miss doublefinger": 1484.0,
    "yama": 1484.0,
    "smoker": 1484.0,
    "moria": 1484.0,
    "zeo": 1484.0,
    "caribou": 1484.0,
    "jesus burgess": 1484.0,
    "lao g": 1484.0,
    "gladius": 1484.0,
    "dellinger": 1484.0,
    "diamante": 1484.0,
    "randolph": 1484.0,
    "jack": 1484.0,
    "perospero": 1484.0,
    "fukurokuju": 1484.0,
    "kanjuro": 1484.0,
    "orochi": 1484.0,
    "perona": 1483.989282385175,
    "shiryu": 1483.5276023197505,
    "sogeking": 1483.378216372508,
    "hody jones": 1479.4995997700082,
    "bellamy": 1478.6025960594247,
    "rob lucci": 1475.2007862165924,
    "hammond": 1474.0407426103538,
    "wadatsumi": 1473.2138046742416,
    "law": 1471.8337876018995,
    "ulti": 1471.345160315607,
    "miss merry christmas": 1470.807676875899,
    "buggy": 1470.5409216239211,
    "mr. 4": 1469.4387739660467,
    "kotori": 1469.3358416109802
}
